"Conseil de Prud'hommes d'Abbeville ","80142 ABBEVILLE CEDEX"
"Conseil de Prud'hommes d'Agen ","47000 AGEN"
"Conseil de Prud'hommes d'Aix-en-Provence ","13602 AIX EN PROVENCE CEDEX 1"
"Conseil de Prud'hommes d'Aix-les-Bains ","73100 AIX LES BAINS"
"Conseil de Prud'hommes d'Ajaccio ","20090 AJACCIO"
"Conseil de Prud'hommes d'Albertville ","73208 ALBERTVILLE CEDEX"
"Conseil de Prud'hommes d'Albi ","81005 ALBI CEDEX"
"Conseil de Prud'hommes d'Alençon ","61000 ALENCON"
"Conseil de Prud'hommes d'Alès ","30100 ALES"
"Conseil de Prud'hommes d'Amiens ","80027 AMIENS CEDEX 1"
"Conseil de Prud'hommes d'Angers ","49100 ANGERS"
"Conseil de Prud'hommes d'Angoulême ","16007 ANGOULEME CEDEX"
"Conseil de Prud'hommes d'Annecy ","74011 ANNECY CEDEX"
"Conseil de Prud'hommes d'Annemasse ","74106 ANNEMASSE CEDEX"
"Conseil de Prud'hommes d'Annonay ","07100 ANNONAY"
"Conseil de Prud'hommes d'Argentan ","61201 ARGENTAN CEDEX"
"Conseil de Prud'hommes d'Argenteuil ","95813 ARGENTEUIL CEDEX"
"Conseil de Prud'hommes d'Arles ","13200 ARLES"
"Conseil de Prud'hommes d'Arras ","62000 ARRAS"
"Conseil de Prud'hommes d'Aubenas ","07200 AUBENAS"
"Conseil de Prud'hommes d'Auch ","32000 AUCH"
"Conseil de Prud'hommes d'Aurillac ","15012 AURILLAC CEDEX"
"Conseil de Prud'hommes d'Auxerre ","89011 AUXERRE CEDEX"
"Conseil de Prud'hommes d'Avesnes sur Helpe ","59440 AVESNES SUR HELPE"
"Conseil de Prud'hommes d'Avignon ","84092 AVIGNON CEDEX 9"
"Conseil de Prud'hommes d'Avranches ","50307 AVRANCHES CEDEX"
"Conseil de Prud'hommes d'Epernay ","51200 EPERNAY"
"Conseil de Prud'hommes d'Epinal ","88000 EPINAL"
"Conseil de Prud'hommes d'Evreux ","27009 EVREUX CEDEX"
"Conseil de Prud'hommes d'Évry-Courcouronnes ","91011 EVRY CEDEX"
"Conseil de Prud'hommes d'Haguenau ","67500 HAGUENAU"
"Conseil de Prud'hommes d'Hazebrouck ","59190 HAZEBROUCK"
"Conseil de Prud'hommes d'Orange ","84100 ORANGE"
"Conseil de Prud'hommes d'Orléans ","45044 ORLEANS CEDEX 1"
"Conseil de Prud'hommes d'Oyonnax ","01100 OYONNAX"
"Conseil de Prud'hommes de Bar-le-Duc ","55000 BAR LE DUC"
"Conseil de Prud'hommes de Basse-Terre ","97100 BASSE TERRE"
"Conseil de Prud'hommes de Bastia ","20200 BASTIA"
"Conseil de Prud'hommes de Bayonne ","64100 BAYONNE"
"Conseil de Prud'hommes de Beauvais ","60021 BEAUVAIS CEDEX"
"Conseil de Prud'hommes de Belfort ","90020 BELFORT CEDEX"
"Conseil de Prud'hommes de Belley ","01306 BELLEY CEDEX"
"Conseil de Prud'hommes de Bergerac ","24100 BERGERAC"
"Conseil de Prud'hommes de Bernay ","27307 BERNAY CEDEX"
"Conseil de Prud'hommes de Besançon ","25000 BESANCON"
"Conseil de Prud'hommes de Béthune ","62408 BETHUNE CEDEX"
"Conseil de Prud'hommes de Béziers ","34500 BEZIERS"
"Conseil de Prud'hommes de Blois ","41018 BLOIS CEDEX"
"Conseil de Prud'hommes de Bobigny ","93008 BOBIGNY CEDEX"
"Conseil de Prud'hommes de Bonneville ","74130 BONNEVILLE"
"Conseil de Prud'hommes de Bordeaux ","33077 BORDEAUX CEDEX"
"Conseil de Prud'hommes de Boulogne-Billancourt ","92643 BOULOGNE BILLANCOURT CEDEX"
"Conseil de Prud'hommes de Boulogne-sur-Mer ","62200 BOULOGNE SUR MER"
"Conseil de Prud'hommes de Bourg-en-Bresse ","01005 BOURG EN BRESSE CEDEX"
"Conseil de Prud'hommes de Bourges ","18014 BOURGES CEDEX"
"Conseil de Prud'hommes de Bourgoin-Jallieu ","38300 BOURGOIN JALLIEU"
"Conseil de Prud'hommes de Brest ","29218 BREST CEDEX 2"
"Conseil de Prud'hommes de Brive-la-Gaillarde ","19100 BRIVE LA GAILLARDE"
"Conseil de Prud'hommes de Caen ","14050 CAEN CEDEX 4"
"Conseil de Prud'hommes de Cahors ","46000 CAHORS"
"Conseil de Prud'hommes de Calais ","62107 CALAIS CEDEX"
"Conseil de Prud'hommes de Cambrai ","59407 CAMBRAI CEDEX"
"Conseil de Prud'hommes de Cannes ","06400 CANNES"
"Conseil de Prud'hommes de Carcassonne ","11012 CARCASSONNE CEDEX"
"Conseil de Prud'hommes de Castres ","81100 CASTRES"
"Conseil de Prud'hommes de Cayenne ","97300 CAYENNE"
"Conseil de prud'hommes de Cergy-Pontoise ","95302 CERGY PONTOISE CEDEX"
"Conseil de Prud'hommes de Chalon-sur-Saône ","71100 CHALON SUR SAONE"
"Conseil de Prud'hommes de Châlons-en-Champagne ","51000 CHALONS EN CHAMPAGNE"
"Conseil de Prud'hommes de Chambéry ","73018 CHAMBERY CEDEX"
"Conseil de Prud'hommes de Charleville-Mézières ","08102 CHARLEVILLE MEZIERES CEDEX"
"Conseil de Prud'hommes de Chartres ","28008 CHARTRES CEDEX"
"Conseil de Prud'hommes de Châteaudun ","28200 CHATEAUDUN"
"Conseil de Prud'hommes de Châteauroux ","36018 CHATEAUROUX CEDEX"
"Conseil de Prud'hommes de Chaumont ","52903 CHAUMONT CEDEX 9"
"Conseil de Prud'hommes de Cherbourg-en-Cotentin ","50103 CHERBOURG OCTEVILLE CEDEX"
"Conseil de Prud'hommes de Clermont-Ferrand ","63005 CLERMONT FERRAND CEDEX 1"
"Conseil de Prud'hommes de Colmar ","68021 COLMAR CEDEX"
"Conseil de Prud'hommes de Compiègne ","60200 COMPIEGNE"
"Conseil de Prud'hommes de Coutances ","50200 COUTANCES"
"Conseil de Prud'hommes de Creil ","60107 CREIL CEDEX 1"
"Conseil de Prud'hommes de Créteil ","94007 CRETEIL CEDEX"
"Conseil de Prud'hommes de Dax ","40107 DAX CEDEX"
"Conseil de Prud'hommes de Dieppe ","76201 DIEPPE CEDEX"
"Conseil de Prud'hommes de Digne-les-Bains ","04000 DIGNE LES BAINS"
"Conseil de Prud'hommes de Dijon ","21072 DIJON CEDEX"
"Conseil de Prud'hommes de Dinan ","22106 DINAN CEDEX"
"Conseil de Prud'hommes de Dole ","39108 DOLE CEDEX"
"Conseil de Prud'hommes de Douai ","59500 DOUAI"
"Conseil de Prud'hommes de Draguignan ","83007 DRAGUIGNAN CEDEX"
"Conseil de Prud'hommes de Dreux ","28109 DREUX CEDEX"
"Conseil de Prud'hommes de Dunkerque ","59378 DUNKERQUE CEDEX 1"
"Conseil de Prud'hommes de Foix ","09008 FOIX CEDEX"
"Conseil de Prud'hommes de Fontainebleau ","77305 FONTAINEBLEAU CEDEX"
"Conseil de Prud'hommes de Forbach ","57608 FORBACH CEDEX"
"Conseil de Prud'hommes de Fort-de-France ","97200 FORT DE FRANCE"
"Conseil de Prud'hommes de Fréjus ","83600 FREJUS"
"Conseil de Prud'hommes de Gap ","05007 GAP CEDEX"
"Conseil de Prud'hommes de Grasse ","06133 GRASSE CEDEX"
"Conseil de Prud'hommes de Grenoble ","38019 GRENOBLE CEDEX 1"
"Conseil de Prud'hommes de Guéret ","23000 GUERET"
"Conseil de Prud'hommes de Guingamp ","22200 GUINGAMP"
"Conseil de Prud'hommes de La Roche-sur-Yon ","85018 LA ROCHE SUR YON CEDEX"
"Conseil de Prud'hommes de La Rochelle ","17011 LA ROCHELLE CEDEX 1"
"Conseil de Prud'hommes de Lannoy ","59390 LANNOY"
"Conseil de Prud'hommes de Laon ","02001 LAON CEDEX"
"Conseil de Prud'hommes de Laval ","53000 LAVAL"
"Conseil de Prud'hommes de Lens ","62304 LENS CEDEX"
"Conseil de Prud'hommes de Libourne ","33501 LIBOURNE CEDEX"
"Conseil de Prud'hommes de Lille ","59800 LILLE"
"Conseil de Prud'hommes de Limoges ","87001 LIMOGES CEDEX 1"
"Conseil de prud'hommes de Lisieux ","14106 LISIEUX CEDEX"
"Conseil de Prud'hommes de Longjumeau ","91160 LONGJUMEAU"
"Conseil de Prud'hommes de Longwy ","54401 LONGWY CEDEX"
"Conseil de Prud'hommes de Lons-le-Saunier ","39004 LONS LE SAUNIER CEDEX"
"Conseil de Prud'hommes de Lorient ","56100 LORIENT"
"Conseil de Prud'hommes de Louviers ","27400 LOUVIERS"
"Conseil de Prud'hommes de Lure ","70201 LURE CEDEX"
"Conseil de Prud'hommes de Lyon ","69432 LYON CEDEX 03"
"Conseil de Prud'hommes de Mâcon ","71000 MACON"
"Conseil de Prud'hommes de Mantes-la-Jolie ","78200 MANTES LA JOLIE"
"Conseil de Prud'hommes de Marmande ","47200 MARMANDE"
"Conseil de Prud'hommes de Marseille ","13007 MARSEILLE"
"Conseil de Prud'hommes de Martigues ","13500 MARTIGUES"
"Conseil de Prud'hommes de Meaux ","77109 MEAUX CEDEX"
"Conseil de Prud'hommes de Melun ","77000 MELUN"
"Conseil de Prud'hommes de Mende ","48000 MENDE"
"Conseil de Prud'hommes de Metz ","57003 METZ CEDEX 01"
"Conseil de Prud'hommes de Millau ","12100 MILLAU"
"Conseil de Prud'hommes de Mont-de-Marsan ","40003 MONT DE MARSAN CEDEX"
"Conseil de Prud'hommes de Montargis ","45200 MONTARGIS"
"Conseil de Prud'hommes de Montauban ","82013 MONTAUBAN CEDEX"
"Conseil de Prud'hommes de Montbéliard ","25200 MONTBELIARD"
"Conseil de Prud'hommes de Montbrison ","42605 MONTBRISON CEDEX"
"Conseil de Prud'hommes de Montélimar ","26207 MONTELIMAR CEDEX"
"Conseil de Prud'hommes de Montluçon ","03105 MONTLUCON CEDEX"
"Conseil de Prud'hommes de Montmorency ","95160 MONTMORENCY"
"Conseil de Prud'hommes de Montpellier ","34040 MONTPELLIER CEDEX 1"
"Conseil de Prud'hommes de Morlaix ","29679 MORLAIX CEDEX"
"Conseil de Prud'hommes de Moulins ","03018 MOULINS CEDEX"
"Conseil de Prud'hommes de Mulhouse ","68053 MULHOUSE CEDEX 1"
"Conseil de Prud'hommes de Nancy ","54000 NANCY"
"Conseil de Prud'hommes de Nanterre ","92020 NANTERRE CEDEX"
"Conseil de Prud'hommes de Nantes ","44203 NANTES CEDEX 2"
"Conseil de Prud'hommes de Narbonne ","11100 NARBONNE"
"Conseil de Prud'hommes de Nevers ","58020 NEVERS CEDEX"
"Conseil de Prud'hommes de Nice ","06000 NICE"
"Conseil de Prud'hommes de Nîmes ","30000 NIMES"
"Conseil de Prud'hommes de Niort ","79000 NIORT"
"Conseil de Prud'hommes de Paris ","75484 PARIS CEDEX 10"
"Conseil de Prud'hommes de Pau ","64000 PAU"
"Conseil de Prud'hommes de Périgueux ","24000 PERIGUEUX"
"Conseil de Prud'hommes de Péronne ","80200 PERONNE"
"Conseil de Prud'hommes de Perpignan ","66003 PERPIGNAN CEDEX"
"Conseil de Prud'hommes de Pointe-à-Pitre ","97110 POINTE A PITRE"
"Conseil de Prud'hommes de Poissy ","78308 POISSY CEDEX"
"Conseil de Prud'hommes de Poitiers ","86020 POITIERS CEDEX"
"Conseil de Prud'hommes de Quimper ","29196 QUIMPER CEDEX"
"Conseil de Prud'hommes de Rambouillet ","78514 RAMBOUILLET CEDEX"
"Conseil de Prud'hommes de Reims ","51723 REIMS CEDEX"
"Conseil de Prud'hommes de Rennes ","35065 RENNES CEDEX"
"Conseil de Prud'hommes de Riom ","63200 RIOM"
"Conseil de Prud'hommes de Roanne ","42300 ROANNE"
"Conseil de Prud'hommes de Rochefort ","17306 ROCHEFORT CEDEX"
"Conseil de Prud'hommes de Rodez ","12003 RODEZ CEDEX"
"Conseil de Prud'hommes de Roubaix ","59070 ROUBAIX CEDEX 1"
"Conseil de Prud'hommes de Rouen ","76000 ROUEN"
"Conseil de Prud'hommes de Saint-Brieuc ","22000 ST BRIEUC"
"Conseil de Prud'hommes de Saint-Denis de La Réunion ","97494 STE CLOTILDE CEDEX"
"Conseil de Prud'hommes de Saint-Dié-des-Vosges ","88107 ST DIE DES VOSGES CEDEX"
"Conseil de Prud'hommes de Saint-Etienne ","42000 ST ETIENNE"
"Conseil de Prud'hommes de Saint-Gaudens ","31800 ST GAUDENS"
"Conseil de Prud'hommes de Saint-Germain-en-Laye ","78100 ST GERMAIN EN LAYE"
"Conseil de Prud'hommes de Saint-Malo ","35417 ST MALO CEDEX"
"Conseil de Prud'hommes de Saint-Nazaire ","44606 ST NAZAIRE CEDEX"
"Conseil de Prud'hommes de Saint-Omer ","62505 ST OMER CEDEX"
"Conseil de Prud'hommes de Saint-Pierre ","97448 ST PIERRE CEDEX"
"Conseil de Prud'hommes de Saint-Quentin ","02322 ST QUENTIN CEDEX"
"Conseil de Prud'hommes de Saintes ","17100 SAINTES"
"Conseil de Prud'hommes de Saumur ","49412 SAUMUR CEDEX"
"Conseil de Prud'hommes de Saverne ","67703 SAVERNE CEDEX"
"Conseil de Prud'hommes de Schiltigheim ","67300 SCHILTIGHEIM"
"Conseil de Prud'hommes de Sens ","89106 SENS CEDEX"
"Conseil de Prud'hommes de Sète ","34203 SETE CEDEX"
"Conseil de Prud'hommes de Soissons ","02200 SOISSONS"
"Conseil de Prud'hommes de St-Pierre-et-Miquelon ","97500 ST PIERRE ET MIQUELON"
"Conseil de Prud'hommes de Strasbourg ","67000 STRASBOURG"
"Conseil de Prud'hommes de Tarbes ","65000 TARBES"
"Conseil de Prud'hommes de Thionville ","57100 THIONVILLE"
"Conseil de Prud'hommes de Thouars ","79103 THOUARS CEDEX"
"Conseil de Prud'hommes de Toulon ","83000 TOULON"
"Conseil de Prud'hommes de Toulouse ","31080 TOULOUSE CEDEX 6"
"Conseil de Prud'hommes de Tourcoing ","59200 TOURCOING"
"Conseil de Prud'hommes de Tours ","37026 TOURS CEDEX 1"
"Conseil de Prud'hommes de Troyes ","10000 TROYES"
"Conseil de Prud'hommes de Tulle ","19012 TULLE CEDEX"
"Conseil de Prud'hommes de Valence ","26021 VALENCE CEDEX"
"Conseil de Prud'hommes de Valenciennes ","59326 VALENCIENNES CEDEX"
"Conseil de Prud'hommes de Vannes ","56002 VANNES CEDEX"
"Conseil de Prud'hommes de Verdun ","55107 VERDUN CEDEX"
"Conseil de Prud'hommes de Versailles ","78000 VERSAILLES"
"Conseil de Prud'hommes de Vesoul ","70000 VESOUL"
"Conseil de Prud'hommes de Vichy ","03200 VICHY"
"Conseil de Prud'hommes de Vienne ","38217 VIENNE CEDEX"
"Conseil de Prud'hommes de Villefranche-sur-Saône ","69665 VILLEFRANCHE SUR SAONE CEDEX"
"Conseil de Prud'hommes de Villeneuve-Saint-Georges ","94192 VILLENEUVE ST GEORGES CEDEX"
"Conseil de Prud'hommes des Sables d'Olonne ","85100 LES SABLES D OLONNE"
"Conseil de Prud'hommes du Havre ","76084 LE HAVRE CEDEX"
"Conseil de Prud'hommes du Mans ","72014 LE MANS CEDEX 2"
"Conseil de Prud'hommes du Puy-en-Velay ","43011 LE PUY EN VELAY CEDEX"
"Tribunal du Travail de Mamoudzou ","97600 MAMOUDZOU"
"Tribunal du Travail de Mata-Utu ","98600 UVEA"
"Tribunal du Travail de Nouméa ","98848 NOUMEA CEDEX"
"Tribunal du Travail de Nuku-Hiva ","98742 AAKAPA"
"Tribunal du Travail de Papeete ","98713 PAPEETE CEDEX"
"Tribunal du Travail de Raïatéa ","98735 UTUROA"
